<?xml version="1.0" encoding="ISO-8859-1" ?>
<database>

 <name>dbname</name>
 <create>1</create>
 <description> </description>

 <table>
  <name>mail_queue</name>
  <description> </description>

  <declaration>

   <field>
      <name>id</name>
      <type>integer</type>
      <default>0</default>
      <notnull>1</notnull>
   </field>

   <field>
      <name>create_time</name>
      <type>timestamp</type>
      <default>0000-00-00 00:00:00</default>
      <notnull>1</notnull>
   </field>

   <field>
      <name>time_to_send</name>
      <type>timestamp</type>
      <default>0000-00-00 00:00:00</default>
      <notnull>1</notnull>
   </field>

   <field>
      <name>sent_time</name>
      <type>timestamp</type>
   </field>

   <field>
      <name>id_user</name>
      <type>integer</type>
      <default>0</default>
      <notnull>1</notnull>
   </field>

   <field>
      <name>ip</name>
      <type>text</type>
      <length>20</length>
      <default>unknown</default>
      <notnull>1</notnull>
   </field>

   <field>
      <name>sender</name>
      <type>text</type>
      <length>50</length>
      <default></default>
      <notnull>1</notnull>
   </field>

   <field>
      <name>recipient</name>
      <type>text</type>
      <length>50</length>
      <default></default>
      <notnull>1</notnull>
   </field>

   <field>
      <name>headers</name>
      <type>clob</type>
   </field>

   <field>
      <name>body</name>
      <type>clob</type>
   </field>

   <field>
      <name>try_sent</name>
      <type>integer</type>
      <default>0</default>
      <notnull>1</notnull>
   </field>

   <field>
      <name>delete_after_send</name>
      <type>boolean</type>
      <default>0</default>
      <notnull>1</notnull>
   </field>


   <index>
    <name>id_index</name>
    <unique>1</unique>
    <field> <name>id</name> </field>
   </index>


   <index>
    <name>time_to_send_index</name>
    <field> <name>time_to_send</name> </field>
   </index>

   <index>
    <name>id_user_index</name>
    <field> <name>id_user</name> </field>
   </index>

  </declaration>
 </table>

 <sequence>
  <name>mail_queue</name>
  <start>1</start>
  <on> <table>mail_queue</table> <field>id</field> </on>
 </sequence>


</database>